run_date,tier,model,spot,date,wind_mean,wind_max,gust,dir,rain,temp_lo,temp_hi,wave,period,wave_dir
2026-10-02T15:13+03:00,ec46,ecmwf_ec46_ensemble_mean,Keramoti / Thassos (E of Thassos open water),2026-10-03,21.0,22.0,31.5,32,0.0,17.8,22.4,,,
2026-10-02T15:13+03:00,ec46,ecmwf_ec46_ensemble_mean,Keramoti / Thassos (E of Thassos open water),2026-10-04,17.1,18.3,28.6,38,0.0,17.7,22.1,,,
2026-10-02T15:13+03:00,ec46,ecmwf_ec46_ensemble_mean,Keramoti / Thassos (E of Thassos open water),2026-10-05,10.3,13.3,20.0,48,0.0,17.6,22.7,,,
2026-10-02T15:13+03:00,ec46,ecmwf_ec46_ensemble_mean,Keramoti / Thassos (E of Thassos open water),2026-10-06,4.6,7.3,11.7,59,0.0,18.1,21.9,,,
2026-10-02T15:13+03:00,ec46,ecmwf_ec46_ensemble_mean,Keramoti / Thassos (E of Thassos open water),2026-10-07,5.0,8.2,12.2,51,0.0,18.4,21.4,,,
2026-10-02T15:13+03:00,ec46,ecmwf_ec46_ensemble_mean,Keramoti / Thassos (E of Thassos open water),2026-10-08,4.5,6.8,11.1,76,0.0,19.0,21.2,,,
2026-10-02T15:13+03:00,ec46,ecmwf_ec46_ensemble_mean,Keramoti / Thassos (E of Thassos open water),2026-10-09,3.2,6.7,12.1,196,0.9,19.4,20.5,,,
2026-10-02T15:13+03:00,ec46,ecmwf_ec46_ensemble_mean,Samothrace (S of Samothrace open water),2026-10-03,28.5,29.7,40.8,32,0.0,16.9,21.0,,,
2026-10-02T15:13+03:00,ec46,ecmwf_ec46_ensemble_mean,Samothrace (S of Samothrace open water),2026-10-04,26.6,28.8,40.0,39,0.0,17.0,20.4,,,
2026-10-02T15:13+03:00,ec46,ecmwf_ec46_ensemble_mean,Samothrace (S of Samothrace open water),2026-10-05,20.2,22.7,30.9,41,0.0,17.1,20.7,,,
2026-10-02T15:13+03:00,ec46,ecmwf_ec46_ensemble_mean,Samothrace (S of Samothrace open water),2026-10-06,11.9,14.9,20.2,45,0.0,17.1,20.5,,,
2026-10-02T15:13+03:00,ec46,ecmwf_ec46_ensemble_mean,Samothrace (S of Samothrace open water),2026-10-07,11.0,15.6,21.2,44,0.0,17.5,20.4,,,
2026-10-02T15:13+03:00,ec46,ecmwf_ec46_ensemble_mean,Samothrace (S of Samothrace open water),2026-10-08,6.8,11.1,16.5,56,0.0,17.5,20.2,,,
2026-10-02T15:13+03:00,ec46,ecmwf_ec46_ensemble_mean,Samothrace (S of Samothrace open water),2026-10-09,5.6,8.1,16.1,189,0.8,17.8,19.5,,,
2026-10-02T15:13+03:00,ec46,ecmwf_ec46_ensemble_mean,West from Lemnos (open water),2026-10-03,27.8,29.3,41.0,34,0.1,17.2,20.8,,,
2026-10-02T15:13+03:00,ec46,ecmwf_ec46_ensemble_mean,West from Lemnos (open water),2026-10-04,25.7,28.4,40.4,40,0.0,17.4,20.2,,,
2026-10-02T15:13+03:00,ec46,ecmwf_ec46_ensemble_mean,West from Lemnos (open water),2026-10-05,18.8,22.1,31.1,45,0.0,17.3,20.7,,,
2026-10-02T15:13+03:00,ec46,ecmwf_ec46_ensemble_mean,West from Lemnos (open water),2026-10-06,9.5,12.9,17.9,39,0.0,17.3,19.8,,,
2026-10-02T15:13+03:00,ec46,ecmwf_ec46_ensemble_mean,West from Lemnos (open water),2026-10-07,9.7,12.7,18.5,36,0.0,17.2,19.6,,,
2026-10-02T15:13+03:00,ec46,ecmwf_ec46_ensemble_mean,West from Lemnos (open water),2026-10-08,5.6,7.9,13.2,46,0.0,17.1,18.9,,,
2026-10-02T15:13+03:00,ec46,ecmwf_ec46_ensemble_mean,West from Lemnos (open water),2026-10-09,3.9,5.4,12.6,170,0.9,17.0,18.2,,,
2026-10-02T15:13+03:00,ec46,ecmwf_ec46_ensemble_mean,Thracian Sea (open water),2026-10-03,21.0,22.0,31.5,32,0.0,17.8,22.4,,,
2026-10-02T15:13+03:00,ec46,ecmwf_ec46_ensemble_mean,Thracian Sea (open water),2026-10-04,17.1,18.3,28.6,38,0.0,17.7,22.1,,,
2026-10-02T15:13+03:00,ec46,ecmwf_ec46_ensemble_mean,Thracian Sea (open water),2026-10-05,10.3,13.3,20.0,48,0.0,17.6,22.7,,,
2026-10-02T15:13+03:00,ec46,ecmwf_ec46_ensemble_mean,Thracian Sea (open water),2026-10-06,4.6,7.3,11.7,59,0.0,18.1,21.9,,,
2026-10-02T15:13+03:00,ec46,ecmwf_ec46_ensemble_mean,Thracian Sea (open water),2026-10-07,5.0,8.2,12.2,51,0.0,18.4,21.4,,,
2026-10-02T15:13+03:00,ec46,ecmwf_ec46_ensemble_mean,Thracian Sea (open water),2026-10-08,4.5,6.8,11.1,76,0.0,19.0,21.2,,,
2026-10-02T15:13+03:00,ec46,ecmwf_ec46_ensemble_mean,Thracian Sea (open water),2026-10-09,3.2,6.7,12.1,196,0.9,19.4,20.5,,,
2026-10-02T15:13+03:00,ec46,ecmwf_ec46_ensemble_mean,Dardaneles (E of Lemnos open water),2026-10-03,31.1,32.0,44.5,30,0.2,16.9,19.9,,,
2026-10-02T15:13+03:00,ec46,ecmwf_ec46_ensemble_mean,Dardaneles (E of Lemnos open water),2026-10-04,29.7,31.3,43.7,35,0.0,16.7,19.6,,,
2026-10-02T15:13+03:00,ec46,ecmwf_ec46_ensemble_mean,Dardaneles (E of Lemnos open water),2026-10-05,24.8,26.2,35.8,33,0.0,16.9,19.7,,,
2026-10-02T15:13+03:00,ec46,ecmwf_ec46_ensemble_mean,Dardaneles (E of Lemnos open water),2026-10-06,18.6,19.9,27.2,32,0.0,17.0,19.4,,,
2026-10-02T15:13+03:00,ec46,ecmwf_ec46_ensemble_mean,Dardaneles (E of Lemnos open water),2026-10-07,16.4,18.4,25.3,31,0.0,16.8,19.3,,,
2026-10-02T15:13+03:00,ec46,ecmwf_ec46_ensemble_mean,Dardaneles (E of Lemnos open water),2026-10-08,9.4,12.7,19.6,37,0.0,16.7,19.5,,,
2026-10-02T15:13+03:00,ec46,ecmwf_ec46_ensemble_mean,Dardaneles (E of Lemnos open water),2026-10-09,4.8,7.4,14.4,159,0.3,17.2,18.8,,,
2026-10-02T15:13+03:00,ec46,ecmwf_ec46_ensemble_mean,Agios Efstratios (S of Lemnos open water),2026-10-03,30.0,31.3,43.5,33,0.4,17.0,20.1,,,
2026-10-02T15:13+03:00,ec46,ecmwf_ec46_ensemble_mean,Agios Efstratios (S of Lemnos open water),2026-10-04,29.3,31.4,44.1,37,0.0,16.8,19.7,,,
2026-10-02T15:13+03:00,ec46,ecmwf_ec46_ensemble_mean,Agios Efstratios (S of Lemnos open water),2026-10-05,23.5,25.5,35.4,37,0.0,17.1,19.8,,,
2026-10-02T15:13+03:00,ec46,ecmwf_ec46_ensemble_mean,Agios Efstratios (S of Lemnos open water),2026-10-06,15.8,18.2,25.3,33,0.0,17.2,19.2,,,
2026-10-02T15:13+03:00,ec46,ecmwf_ec46_ensemble_mean,Agios Efstratios (S of Lemnos open water),2026-10-07,14.0,16.8,23.9,29,0.0,17.1,18.9,,,
2026-10-02T15:13+03:00,ec46,ecmwf_ec46_ensemble_mean,Agios Efstratios (S of Lemnos open water),2026-10-08,8.3,10.0,17.3,36,0.0,16.6,18.8,,,
2026-10-02T15:13+03:00,ec46,ecmwf_ec46_ensemble_mean,Agios Efstratios (S of Lemnos open water),2026-10-09,4.4,6.5,14.0,159,0.6,16.8,18.1,,,
2026-10-02T15:13+03:00,ec46,ecmwf_ec46_ensemble_mean,Mount Athos (N approach),2026-10-03,10.6,13.1,20.6,42,0.0,13.6,22.0,,,
2026-10-02T15:13+03:00,ec46,ecmwf_ec46_ensemble_mean,Mount Athos (N approach),2026-10-04,7.4,11.0,18.7,42,0.1,13.2,21.1,,,
2026-10-02T15:13+03:00,ec46,ecmwf_ec46_ensemble_mean,Mount Athos (N approach),2026-10-05,5.6,8.2,12.8,62,0.0,14.5,22.1,,,
2026-10-02T15:13+03:00,ec46,ecmwf_ec46_ensemble_mean,Mount Athos (N approach),2026-10-06,2.4,4.3,8.2,60,0.0,15.4,20.1,,,
2026-10-02T15:13+03:00,ec46,ecmwf_ec46_ensemble_mean,Mount Athos (N approach),2026-10-07,2.5,4.9,8.9,62,0.1,15.5,20.7,,,
2026-10-02T15:13+03:00,ec46,ecmwf_ec46_ensemble_mean,Mount Athos (N approach),2026-10-08,2.3,3.7,8.4,122,0.2,16.4,20.3,,,
2026-10-02T15:13+03:00,ec46,ecmwf_ec46_ensemble_mean,Mount Athos (N approach),2026-10-09,1.7,3.4,8.9,167,2.4,16.5,20.3,,,
2026-10-02T15:13+03:00,medium,ecmwf_ifs,Keramoti / Thassos (E of Thassos open water),2026-10-03,18.977777777777778,21.166666666666664,37.3,33.555192012072716,0.0,16.533333333333335,21.01111111111111,,,
2026-10-02T15:13+03:00,medium,gfs_seamless,Keramoti / Thassos (E of Thassos open water),2026-10-03,21.955555555555556,25.9,35.8,38.22234901877622,0.0,16.6,21.477777777777774,,,
2026-10-02T15:13+03:00,medium,icon_seamless,Keramoti / Thassos (E of Thassos open water),2026-10-03,19.844444444444445,23.38888888888889,42.4,39.11121625670145,0.0,16.98888888888889,21.35555555555555,,,
2026-10-02T15:13+03:00,medium,ecmwf_ifs,Keramoti / Thassos (E of Thassos open water),2026-10-04,12.022222222222222,16.711111111111112,29.2,39.66071291033143,0.0,16.677777777777777,21.577777777777776,,,
2026-10-02T15:13+03:00,medium,gfs_seamless,Keramoti / Thassos (E of Thassos open water),2026-10-04,12.08888888888889,16.18888888888889,30.5,49.662471693896194,0.0,16.433333333333334,22.044444444444444,,,
2026-10-02T15:13+03:00,medium,icon_seamless,Keramoti / Thassos (E of Thassos open water),2026-10-04,11.966666666666667,16.544444444444444,31.5,45.75327188884869,0.0,17.333333333333332,22.6,,,
2026-10-02T15:13+03:00,medium,ecmwf_ifs,Keramoti / Thassos (E of Thassos open water),2026-10-05,6.111111111111111,11.177777777777777,23.7,56.794588741528656,0.0,15.399999999999999,20.188888888888886,,,
2026-10-02T15:13+03:00,medium,gfs_seamless,Keramoti / Thassos (E of Thassos open water),2026-10-05,6.333333333333333,11.511111111111111,19.0,31.832994935465912,0.0,16.799999999999997,20.48888888888889,,,
2026-10-02T15:13+03:00,medium,icon_seamless,Keramoti / Thassos (E of Thassos open water),2026-10-05,6.055555555555555,13.388888888888888,26.2,43.91853816869182,0.0,17.62222222222222,20.566666666666666,,,
2026-10-02T15:13+03:00,medium,ecmwf_ifs,Keramoti / Thassos (E of Thassos open water),2026-10-06,6.9222222222222225,11.3,21.6,46.1861891413554,0.0,16.033333333333335,20.155555555555555,,,
2026-10-02T15:13+03:00,medium,gfs_seamless,Keramoti / Thassos (E of Thassos open water),2026-10-06,4.355555555555556,7.066666666666666,12.6,54.33340108928613,0.0,17.45555555555556,20.666666666666668,,,
2026-10-02T15:13+03:00,medium,icon_seamless,Keramoti / Thassos (E of Thassos open water),2026-10-06,5.266666666666667,8.722222222222221,21.4,44.041597803652934,0.0,17.98888888888889,20.655555555555555,,,
2026-10-02T15:13+03:00,medium,ecmwf_ifs,Keramoti / Thassos (E of Thassos open water),2026-10-07,9.022222222222222,14.755555555555556,27.2,44.09583336115477,0.0,16.56666666666667,20.0,,,
2026-10-02T15:13+03:00,medium,gfs_seamless,Keramoti / Thassos (E of Thassos open water),2026-10-07,4.366666666666666,6.422222222222222,11.7,51.797408473902195,0.0,18.08888888888889,20.87777777777778,,,
2026-10-02T15:13+03:00,medium,icon_seamless,Keramoti / Thassos (E of Thassos open water),2026-10-07,4.711111111111111,8.377777777777776,19.3,79.48054250860787,0.0,17.77777777777778,20.4,,,
2026-10-02T15:13+03:00,medium,ecmwf_ifs,Keramoti / Thassos (E of Thassos open water),2026-10-08,6.433333333333334,11.655555555555559,21.0,90.15267344152925,2.3555555555555556,16.766666666666666,19.266666666666666,,,
2026-10-02T15:13+03:00,medium,gfs_seamless,Keramoti / Thassos (E of Thassos open water),2026-10-08,5.466666666666666,9.511111111111113,10.1,176.53876932058867,0.0,18.099999999999998,20.82222222222222,,,
2026-10-02T15:13+03:00,medium,icon_seamless,Keramoti / Thassos (E of Thassos open water),2026-10-08,5.144444444444443,9.88888888888889,19.0,184.23343709918254,0.1222222222222222,17.51111111111111,20.866666666666667,,,
2026-10-02T15:13+03:00,medium,ecmwf_ifs,Keramoti / Thassos (E of Thassos open water),2026-10-09,4.933333333333334,7.199999999999999,13.8,178.78634150605305,1.8444444444444446,17.1,19.51111111111111,,,
2026-10-02T15:13+03:00,medium,gfs_seamless,Keramoti / Thassos (E of Thassos open water),2026-10-09,7.677777777777777,11.866666666666665,13.6,196.64328869148116,0.27777777777777785,17.677777777777777,20.711111111111112,,,
2026-10-02T15:13+03:00,medium,ecmwf_ifs,Samothrace (S of Samothrace open water),2026-10-03,22.655555555555555,24.733333333333334,41.2,37.55577515480401,0.0,17.066666666666666,20.544444444444444,,,
2026-10-02T15:13+03:00,medium,gfs_seamless,Samothrace (S of Samothrace open water),2026-10-03,28.31111111111111,31.56666666666667,36.5,40.00003384953061,0.0,17.766666666666666,21.1,,,
2026-10-02T15:13+03:00,medium,icon_seamless,Samothrace (S of Samothrace open water),2026-10-03,23.73333333333333,26.833333333333332,46.5,38.334628160903385,0.0,17.8,21.188888888888886,,,
2026-10-02T15:13+03:00,medium,ecmwf_ifs,Samothrace (S of Samothrace open water),2026-10-04,17.722222222222225,22.200000000000003,37.3,41.110877711224056,0.0,16.744444444444444,20.855555555555554,,,
2026-10-02T15:13+03:00,medium,gfs_seamless,Samothrace (S of Samothrace open water),2026-10-04,23.133333333333336,27.91111111111111,32.5,47.22220606414236,0.0,17.51111111111111,21.866666666666664,,,
2026-10-02T15:13+03:00,medium,icon_seamless,Samothrace (S of Samothrace open water),2026-10-04,18.65555555555555,23.18888888888889,42.0,44.67779346815055,0.0,17.566666666666666,22.06666666666667,,,
2026-10-02T15:13+03:00,medium,ecmwf_ifs,Samothrace (S of Samothrace open water),2026-10-05,11.255555555555553,16.233333333333334,28.4,30.107861881003565,0.0,16.644444444444442,19.4,,,
2026-10-02T15:13+03:00,medium,gfs_seamless,Samothrace (S of Samothrace open water),2026-10-05,13.255555555555555,19.566666666666666,23.5,40.0007451172567,0.0,17.811111111111114,20.744444444444447,,,
2026-10-02T15:13+03:00,medium,icon_seamless,Samothrace (S of Samothrace open water),2026-10-05,11.98888888888889,18.311111111111114,32.9,46.71126358846752,0.0,18.344444444444445,21.144444444444442,,,
2026-10-02T15:13+03:00,medium,ecmwf_ifs,Samothrace (S of Samothrace open water),2026-10-06,10.455555555555556,14.877777777777778,23.5,45.33354328656703,0.0,16.933333333333334,20.0,,,
2026-10-02T15:13+03:00,medium,gfs_seamless,Samothrace (S of Samothrace open water),2026-10-06,8.455555555555556,11.533333333333333,18.7,42.45644053987256,0.0,18.655555555555555,20.855555555555558,,,
2026-10-02T15:13+03:00,medium,icon_seamless,Samothrace (S of Samothrace open water),2026-10-06,9.011111111111111,12.644444444444446,23.9,50.240149425118865,0.0,18.655555555555555,21.033333333333335,,,
2026-10-02T15:13+03:00,medium,ecmwf_ifs,Samothrace (S of Samothrace open water),2026-10-07,11.488888888888887,15.666666666666664,25.7,40.3295088325984,0.0,17.144444444444442,20.0,,,
2026-10-02T15:13+03:00,medium,gfs_seamless,Samothrace (S of Samothrace open water),2026-10-07,8.68888888888889,13.511111111111113,18.9,44.67918729125856,0.0,18.955555555555556,20.92222222222222,,,
2026-10-02T15:13+03:00,medium,icon_seamless,Samothrace (S of Samothrace open water),2026-10-07,6.044444444444445,11.499999999999998,19.6,54.045323078459994,0.0,18.71111111111111,20.755555555555553,,,
2026-10-02T15:13+03:00,medium,ecmwf_ifs,Samothrace (S of Samothrace open water),2026-10-08,6.9,12.922222222222222,23.7,40.260673435622834,0.8444444444444444,17.188888888888886,19.177777777777777,,,
2026-10-02T15:13+03:00,medium,gfs_seamless,Samothrace (S of Samothrace open water),2026-10-08,5.888888888888888,10.077777777777778,12.1,102.92345698217088,0.0,19.488888888888887,20.922222222222224,,,
2026-10-02T15:13+03:00,medium,icon_seamless,Samothrace (S of Samothrace open water),2026-10-08,8.666666666666666,15.055555555555555,22.4,176.9999661332799,0.0,18.6,21.08888888888889,,,
2026-10-02T15:13+03:00,medium,ecmwf_ifs,Samothrace (S of Samothrace open water),2026-10-09,4.533333333333333,7.744444444444446,16.5,162.06827587341243,9.177777777777779,17.37777777777778,19.244444444444444,,,
2026-10-02T15:13+03:00,medium,gfs_seamless,Samothrace (S of Samothrace open water),2026-10-09,11.833333333333334,16.366666666666664,15.2,186.66438697367158,0.2888888888888889,19.57777777777778,20.877777777777776,,,
2026-10-02T15:13+03:00,medium,ecmwf_ifs,West from Lemnos (open water),2026-10-03,25.044444444444437,27.833333333333332,42.8,37.444563417543094,0.0,17.777777777777775,21.344444444444445,,,
2026-10-02T15:13+03:00,medium,gfs_seamless,West from Lemnos (open water),2026-10-03,26.933333333333337,30.833333333333332,38.5,40.55555694845234,0.0,17.811111111111114,21.3,,,
2026-10-02T15:13+03:00,medium,icon_seamless,West from Lemnos (open water),2026-10-03,26.855555555555558,30.577777777777783,45.3,39.777767609350235,0.0,18.03333333333334,21.266666666666666,,,
2026-10-02T15:13+03:00,medium,ecmwf_ifs,West from Lemnos (open water),2026-10-04,18.655555555555555,24.355555555555554,36.5,35.667347834261825,0.0,17.944444444444446,21.166666666666668,,,
2026-10-02T15:13+03:00,medium,gfs_seamless,West from Lemnos (open water),2026-10-04,19.88888888888889,27.233333333333334,35.4,43.0,0.0,18.166666666666668,21.566666666666666,,,
2026-10-02T15:13+03:00,medium,icon_seamless,West from Lemnos (open water),2026-10-04,20.022222222222226,26.32222222222222,40.2,39.44453336005392,0.0,18.37777777777778,22.15555555555555,,,
2026-10-02T15:13+03:00,medium,ecmwf_ifs,West from Lemnos (open water),2026-10-05,11.666666666666666,17.566666666666666,25.7,37.838182034619265,0.0,18.01111111111111,20.24444444444444,,,
2026-10-02T15:13+03:00,medium,gfs_seamless,West from Lemnos (open water),2026-10-05,11.0,17.966666666666665,22.7,37.22241680740744,0.0,18.84444444444445,20.833333333333332,,,
2026-10-02T15:13+03:00,medium,icon_seamless,West from Lemnos (open water),2026-10-05,13.466666666666667,19.944444444444443,28.6,36.44227557507273,0.0,19.08888888888889,21.26666666666667,,,
2026-10-02T15:13+03:00,medium,ecmwf_ifs,West from Lemnos (open water),2026-10-06,10.97777777777778,14.2,21.4,36.56207883872212,0.0,18.08888888888889,20.4,,,
2026-10-02T15:13+03:00,medium,gfs_seamless,West from Lemnos (open water),2026-10-06,7.711111111111112,12.0,13.6,35.883043184253026,0.0,19.34444444444444,20.822222222222223,,,
2026-10-02T15:13+03:00,medium,icon_seamless,West from Lemnos (open water),2026-10-06,9.677777777777779,13.711111111111109,21.2,37.44451460446699,0.0,19.355555555555558,21.3,,,
2026-10-02T15:13+03:00,medium,ecmwf_ifs,West from Lemnos (open water),2026-10-07,12.666666666666666,16.766666666666666,23.9,36.77838547075047,0.0,17.98888888888889,20.21111111111111,,,
2026-10-02T15:13+03:00,medium,gfs_seamless,West from Lemnos (open water),2026-10-07,8.177777777777777,13.799999999999999,14.4,39.10905738645343,0.0,19.744444444444444,20.822222222222226,,,
2026-10-02T15:13+03:00,medium,icon_seamless,West from Lemnos (open water),2026-10-07,5.433333333333334,9.133333333333335,15.2,51.84177785609423,0.0,19.700000000000003,21.08888888888889,,,
2026-10-02T15:13+03:00,medium,ecmwf_ifs,West from Lemnos (open water),2026-10-08,5.977777777777778,10.644444444444444,20.4,60.534159746533376,0.911111111111111,17.977777777777778,20.033333333333335,,,
2026-10-02T15:13+03:00,medium,gfs_seamless,West from Lemnos (open water),2026-10-08,5.533333333333333,8.3,9.3,140.92521189622425,0.0,20.03333333333333,20.84444444444445,,,
2026-10-02T15:13+03:00,medium,icon_seamless,West from Lemnos (open water),2026-10-08,8.522222222222222,13.644444444444444,21.4,169.2207611448334,0.0,19.400000000000002,21.166666666666668,,,
2026-10-02T15:13+03:00,medium,ecmwf_ifs,West from Lemnos (open water),2026-10-09,5.066666666666666,8.077777777777778,14.2,127.39264621979596,6.2666666666666675,17.98888888888889,19.88888888888889,,,
2026-10-02T15:13+03:00,medium,gfs_seamless,West from Lemnos (open water),2026-10-09,9.31111111111111,12.633333333333333,14.4,185.3335214671558,0.3,18.744444444444447,20.68888888888889,,,
2026-10-02T15:13+03:00,medium,ecmwf_ifs,Thracian Sea (open water),2026-10-03,23.133333333333333,25.344444444444445,38.3,36.44442424280092,0.0,17.2,21.22222222222222,,,
2026-10-02T15:13+03:00,medium,gfs_seamless,Thracian Sea (open water),2026-10-03,25.222222222222218,28.988888888888894,36.9,40.44445809487823,0.0,17.433333333333334,21.555555555555557,,,
2026-10-02T15:13+03:00,medium,icon_seamless,Thracian Sea (open water),2026-10-03,25.48888888888889,28.84444444444445,44.5,38.88890031289354,0.0,17.65555555555555,21.366666666666664,,,
2026-10-02T15:13+03:00,medium,ecmwf_ifs,Thracian Sea (open water),2026-10-04,16.18888888888889,21.344444444444445,34.4,41.11172804425966,0.0,17.355555555555554,20.988888888888887,,,
2026-10-02T15:13+03:00,medium,gfs_seamless,Thracian Sea (open water),2026-10-04,18.044444444444444,24.34444444444445,33.4,48.666670427471026,0.0,17.644444444444446,22.333333333333332,,,
2026-10-02T15:13+03:00,medium,icon_seamless,Thracian Sea (open water),2026-10-04,18.67777777777778,24.266666666666666,40.2,44.89134637856354,0.0,18.000000000000004,22.633333333333336,,,
2026-10-02T15:13+03:00,medium,ecmwf_ifs,Thracian Sea (open water),2026-10-05,10.144444444444444,16.533333333333335,26.4,39.240522478032275,0.0,17.333333333333336,19.755555555555556,,,
2026-10-02T15:13+03:00,medium,gfs_seamless,Thracian Sea (open water),2026-10-05,9.511111111111113,18.111111111111107,23.5,40.77791434499113,0.0,18.266666666666666,20.84444444444444,,,
2026-10-02T15:13+03:00,medium,icon_seamless,Thracian Sea (open water),2026-10-05,11.97777777777778,19.322222222222226,29.0,40.77884290120512,0.0,18.733333333333334,21.3,,,
2026-10-02T15:13+03:00,medium,ecmwf_ifs,Thracian Sea (open water),2026-10-06,10.711111111111112,15.244444444444444,23.1,46.10946232311363,0.0,17.6,20.21111111111111,,,
2026-10-02T15:13+03:00,medium,gfs_seamless,Thracian Sea (open water),2026-10-06,7.722222222222222,12.411111111111111,15.7,59.33328439402692,0.0,18.677777777777777,20.98888888888889,,,
2026-10-02T15:13+03:00,medium,icon_seamless,Thracian Sea (open water),2026-10-06,9.377777777777776,15.444444444444445,25.5,50.41597060007703,0.0,19.08888888888889,21.34444444444444,,,
2026-10-02T15:13+03:00,medium,ecmwf_ifs,Thracian Sea (open water),2026-10-07,12.088888888888889,16.98888888888889,26.0,42.335158154688095,0.0,17.277777777777782,20.000000000000004,,,
2026-10-02T15:13+03:00,medium,gfs_seamless,Thracian Sea (open water),2026-10-07,8.18888888888889,13.511111111111113,16.5,59.21864702380378,0.0,19.222222222222225,21.08888888888889,,,
2026-10-02T15:13+03:00,medium,icon_seamless,Thracian Sea (open water),2026-10-07,6.222222222222222,12.266666666666667,19.2,65.6137143823583,0.0,18.85555555555555,21.033333333333335,,,
2026-10-02T15:13+03:00,medium,ecmwf_ifs,Thracian Sea (open water),2026-10-08,7.311111111111111,13.38888888888889,21.2,60.09464046077789,1.0,17.4,19.377777777777776,,,
2026-10-02T15:13+03:00,medium,gfs_seamless,Thracian Sea (open water),2026-10-08,6.155555555555556,9.266666666666666,8.7,154.12629706721967,0.0,19.677777777777777,20.944444444444446,,,
2026-10-02T15:13+03:00,medium,icon_seamless,Thracian Sea (open water),2026-10-08,8.433333333333334,14.811111111111112,21.2,185.44046671663904,0.022222222222222223,19.444444444444446,21.3,,,
2026-10-02T15:13+03:00,medium,ecmwf_ifs,Thracian Sea (open water),2026-10-09,4.944444444444444,7.866666666666666,14.2,174.5551187835631,6.088888888888889,17.3,19.700000000000003,,,
2026-10-02T15:13+03:00,medium,gfs_seamless,Thracian Sea (open water),2026-10-09,10.7,14.744444444444444,14.2,198.66626368575666,0.3111111111111111,19.022222222222226,20.822222222222226,,,
2026-10-02T15:13+03:00,medium,ecmwf_ifs,Dardaneles (E of Lemnos open water),2026-10-03,27.266666666666666,29.899999999999995,43.7,31.777801459517548,0.0,16.666666666666668,19.888888888888886,,,
2026-10-02T15:13+03:00,medium,gfs_seamless,Dardaneles (E of Lemnos open water),2026-10-03,29.822222222222226,33.788888888888884,39.1,36.222856839970916,0.0,16.977777777777778,19.98888888888889,,,
2026-10-02T15:13+03:00,medium,icon_seamless,Dardaneles (E of Lemnos open water),2026-10-03,27.333333333333332,30.411111111111115,47.0,34.33372456086419,0.0,16.655555555555555,20.366666666666667,,,
2026-10-02T15:13+03:00,medium,ecmwf_ifs,Dardaneles (E of Lemnos open water),2026-10-04,23.055555555555557,27.1,40.0,36.444740272303804,0.0,16.37777777777778,20.055555555555557,,,
2026-10-02T15:13+03:00,medium,gfs_seamless,Dardaneles (E of Lemnos open water),2026-10-04,25.61111111111111,29.43333333333333,34.8,43.888482485660546,0.0,17.133333333333333,20.67777777777778,,,
2026-10-02T15:13+03:00,medium,icon_seamless,Dardaneles (E of Lemnos open water),2026-10-04,23.71111111111111,27.844444444444445,41.6,36.77857311344848,0.0,16.38888888888889,20.6,,,
2026-10-02T15:13+03:00,medium,ecmwf_ifs,Dardaneles (E of Lemnos open water),2026-10-05,16.955555555555556,20.355555555555554,29.9,27.88819667176445,0.0,16.422222222222224,19.58888888888889,,,
2026-10-02T15:13+03:00,medium,gfs_seamless,Dardaneles (E of Lemnos open water),2026-10-05,17.744444444444447,21.433333333333334,25.9,34.88722081502457,0.0,17.45555555555556,20.77777777777778,,,
2026-10-02T15:13+03:00,medium,icon_seamless,Dardaneles (E of Lemnos open water),2026-10-05,17.62222222222222,20.8,31.5,30.779344905539123,0.0,17.211111111111112,20.466666666666665,,,
2026-10-02T15:13+03:00,medium,ecmwf_ifs,Dardaneles (E of Lemnos open water),2026-10-06,16.211111111111112,18.355555555555554,27.0,33.88930315730419,0.0,17.0,19.98888888888889,,,
2026-10-02T15:13+03:00,medium,gfs_seamless,Dardaneles (E of Lemnos open water),2026-10-06,15.144444444444446,18.355555555555554,24.3,28.331205255495068,0.0,17.98888888888889,21.177777777777777,,,
2026-10-02T15:13+03:00,medium,icon_seamless,Dardaneles (E of Lemnos open water),2026-10-06,14.422222222222224,16.488888888888887,24.5,30.22252607306442,0.0,17.81111111111111,20.53333333333333,,,
2026-10-02T15:13+03:00,medium,ecmwf_ifs,Dardaneles (E of Lemnos open water),2026-10-07,16.211111111111112,18.7,27.2,35.0008810131853,0.0,17.077777777777776,19.9,,,
2026-10-02T15:13+03:00,medium,gfs_seamless,Dardaneles (E of Lemnos open water),2026-10-07,14.122222222222224,17.833333333333332,22.0,30.44288713984831,0.0,18.155555555555555,21.233333333333334,,,
2026-10-02T15:13+03:00,medium,icon_seamless,Dardaneles (E of Lemnos open water),2026-10-07,8.88888888888889,14.355555555555558,21.0,28.889261770717138,0.0,17.57777777777778,19.688888888888886,,,
2026-10-02T15:13+03:00,medium,ecmwf_ifs,Dardaneles (E of Lemnos open water),2026-10-08,7.922222222222221,14.21111111111111,20.8,42.66417236109088,0.577777777777778,17.1,18.56666666666667,,,
2026-10-02T15:13+03:00,medium,gfs_seamless,Dardaneles (E of Lemnos open water),2026-10-08,5.122222222222223,8.366666666666667,9.5,105.83017248093844,0.0,18.48888888888889,20.155555555555555,,,
2026-10-02T15:13+03:00,medium,icon_seamless,Dardaneles (E of Lemnos open water),2026-10-08,7.988888888888891,13.233333333333334,22.9,177.33515346846897,0.0,17.933333333333334,20.288888888888888,,,
2026-10-02T15:13+03:00,medium,ecmwf_ifs,Dardaneles (E of Lemnos open water),2026-10-09,8.244444444444445,11.18888888888889,17.9,181.7722324120161,3.355555555555555,17.866666666666667,19.644444444444442,,,
2026-10-02T15:13+03:00,medium,gfs_seamless,Dardaneles (E of Lemnos open water),2026-10-09,13.422222222222224,16.333333333333332,15.9,175.2198152751295,0.24444444444444446,19.111111111111114,20.266666666666666,,,
2026-10-02T15:13+03:00,medium,ecmwf_ifs,Agios Efstratios (S of Lemnos open water),2026-10-03,24.700000000000003,26.87777777777778,42.8,34.111212525707096,0.0,17.08888888888889,20.266666666666666,,,
2026-10-02T15:13+03:00,medium,gfs_seamless,Agios Efstratios (S of Lemnos open water),2026-10-03,29.233333333333334,32.1888888888889,39.5,36.888911594118326,0.0,17.922222222222224,20.166666666666668,,,
2026-10-02T15:13+03:00,medium,icon_seamless,Agios Efstratios (S of Lemnos open water),2026-10-03,23.622222222222224,26.344444444444445,47.8,36.22190890245013,0.0,17.477777777777778,20.755555555555556,,,
2026-10-02T15:13+03:00,medium,ecmwf_ifs,Agios Efstratios (S of Lemnos open water),2026-10-04,20.222222222222225,24.766666666666666,38.5,32.99999999999999,0.0,16.766666666666666,20.177777777777777,,,
2026-10-02T15:13+03:00,medium,gfs_seamless,Agios Efstratios (S of Lemnos open water),2026-10-04,24.38888888888889,29.511111111111113,35.2,41.777790178420126,0.0,17.344444444444445,20.944444444444443,,,
2026-10-02T15:13+03:00,medium,icon_seamless,Agios Efstratios (S of Lemnos open water),2026-10-04,19.877777777777776,23.988888888888894,43.0,37.22217221168322,0.0,17.1,20.74444444444445,,,
2026-10-02T15:13+03:00,medium,ecmwf_ifs,Agios Efstratios (S of Lemnos open water),2026-10-05,14.511111111111111,17.78888888888889,27.6,23.332923285348652,0.0,16.61111111111111,19.366666666666664,,,
2026-10-02T15:13+03:00,medium,gfs_seamless,Agios Efstratios (S of Lemnos open water),2026-10-05,16.811111111111114,21.555555555555557,26.6,27.111058306699487,0.0,17.933333333333334,20.055555555555554,,,
2026-10-02T15:13+03:00,medium,icon_seamless,Agios Efstratios (S of Lemnos open water),2026-10-05,13.4,16.833333333333332,32.7,27.555790442742072,0.0,17.877777777777776,20.277777777777782,,,
2026-10-02T15:13+03:00,medium,ecmwf_ifs,Agios Efstratios (S of Lemnos open water),2026-10-06,12.833333333333334,15.488888888888889,23.9,27.110817401969722,0.0,17.055555555555557,19.84444444444445,,,
2026-10-02T15:13+03:00,medium,gfs_seamless,Agios Efstratios (S of Lemnos open water),2026-10-06,12.899999999999999,15.722222222222221,22.5,21.444375293495483,0.0,18.755555555555553,20.444444444444443,,,
2026-10-02T15:13+03:00,medium,icon_seamless,Agios Efstratios (S of Lemnos open water),2026-10-06,9.722222222222221,12.566666666666668,22.5,22.556178094469328,0.0,18.18888888888889,20.477777777777774,,,
2026-10-02T15:13+03:00,medium,ecmwf_ifs,Agios Efstratios (S of Lemnos open water),2026-10-07,13.377777777777776,16.522222222222222,25.7,26.332990795168048,0.0,17.24444444444444,19.966666666666665,,,
2026-10-02T15:13+03:00,medium,gfs_seamless,Agios Efstratios (S of Lemnos open water),2026-10-07,12.177777777777777,16.077777777777776,22.4,23.111126012380073,0.0,19.088888888888892,20.700000000000003,,,
2026-10-02T15:13+03:00,medium,icon_seamless,Agios Efstratios (S of Lemnos open water),2026-10-07,5.811111111111111,9.333333333333336,18.6,18.224627664527148,0.0,18.566666666666666,20.288888888888888,,,
2026-10-02T15:13+03:00,medium,ecmwf_ifs,Agios Efstratios (S of Lemnos open water),2026-10-08,7.111111111111111,11.422222222222222,18.5,42.41747309821439,0.17777777777777778,17.46666666666667,19.11111111111111,,,
2026-10-02T15:13+03:00,medium,gfs_seamless,Agios Efstratios (S of Lemnos open water),2026-10-08,5.722222222222222,9.18888888888889,10.3,76.32849302380646,0.0,19.3,20.333333333333332,,,
2026-10-02T15:13+03:00,medium,icon_seamless,Agios Efstratios (S of Lemnos open water),2026-10-08,10.088888888888889,16.200000000000003,25.3,163.10970335057522,0.0,18.522222222222222,20.766666666666666,,,
2026-10-02T15:13+03:00,medium,ecmwf_ifs,Agios Efstratios (S of Lemnos open water),2026-10-09,7.388888888888889,10.755555555555555,16.1,170.88331376822282,1.3555555555555554,18.288888888888888,19.68888888888889,,,
2026-10-02T15:13+03:00,medium,gfs_seamless,Agios Efstratios (S of Lemnos open water),2026-10-09,12.600000000000001,15.533333333333331,14.2,173.33338599796414,1.0333333333333332,19.355555555555554,20.27777777777778,,,
2026-10-02T15:13+03:00,medium,ecmwf_ifs,Mount Athos (N approach),2026-10-03,15.244444444444447,20.21111111111111,33.6,49.4243655184225,0.0,17.700000000000003,21.22222222222222,,,
2026-10-02T15:13+03:00,medium,gfs_seamless,Mount Athos (N approach),2026-10-03,16.577777777777776,24.388888888888886,31.1,52.33287801150573,0.0,17.58888888888889,21.977777777777774,,,
2026-10-02T15:13+03:00,medium,icon_seamless,Mount Athos (N approach),2026-10-03,16.98888888888889,22.833333333333332,35.4,53.32149078597007,0.0,17.488888888888887,21.511111111111106,,,
2026-10-02T15:13+03:00,medium,ecmwf_ifs,Mount Athos (N approach),2026-10-04,8.988888888888889,15.899999999999999,29.9,55.094575100506816,0.0,17.933333333333334,21.822222222222223,,,
2026-10-02T15:13+03:00,medium,gfs_seamless,Mount Athos (N approach),2026-10-04,6.866666666666666,16.7,22.5,27.667658666129103,0.0,17.355555555555554,21.311111111111114,,,
2026-10-02T15:13+03:00,medium,icon_seamless,Mount Athos (N approach),2026-10-04,7.844444444444444,15.399999999999999,25.9,39.556422402418,0.0,18.04444444444444,21.57777777777778,,,
2026-10-02T15:13+03:00,medium,ecmwf_ifs,Mount Athos (N approach),2026-10-05,5.611111111111111,12.644444444444444,22.2,91.44152487323487,0.0,17.88888888888889,21.188888888888886,,,
2026-10-02T15:13+03:00,medium,gfs_seamless,Mount Athos (N approach),2026-10-05,4.577777777777778,8.044444444444444,12.6,81.18334306435608,0.0,18.255555555555556,21.155555555555555,,,
2026-10-02T15:13+03:00,medium,icon_seamless,Mount Athos (N approach),2026-10-05,5.133333333333334,10.899999999999999,22.4,61.74539270982289,0.0,18.53333333333333,21.366666666666664,,,
2026-10-02T15:13+03:00,medium,ecmwf_ifs,Mount Athos (N approach),2026-10-06,5.366666666666667,9.933333333333332,19.6,76.80421011251123,0.0,18.01111111111111,20.71111111111111,,,
2026-10-02T15:13+03:00,medium,gfs_seamless,Mount Athos (N approach),2026-10-06,4.000000000000001,6.477777777777778,8.2,19.09195944344416,0.0,18.8,20.944444444444446,,,
2026-10-02T15:13+03:00,medium,icon_seamless,Mount Athos (N approach),2026-10-06,3.5555555555555554,6.044444444444444,10.7,74.18311310512311,0.0,18.822222222222223,21.055555555555557,,,
2026-10-02T15:13+03:00,medium,ecmwf_ifs,Mount Athos (N approach),2026-10-07,7.188888888888889,12.422222222222222,26.2,67.34581161900691,0.0,18.133333333333333,20.57777777777778,,,
2026-10-02T15:13+03:00,medium,gfs_seamless,Mount Athos (N approach),2026-10-07,3.988888888888889,6.700000000000001,7.6,59.39477102822617,0.0,19.166666666666668,21.144444444444442,,,
2026-10-02T15:13+03:00,medium,icon_seamless,Mount Athos (N approach),2026-10-07,3.7666666666666666,5.511111111111111,10.3,107.47193800835689,0.0,18.844444444444445,21.166666666666668,,,
2026-10-02T15:13+03:00,medium,ecmwf_ifs,Mount Athos (N approach),2026-10-08,6.644444444444444,9.8,19.6,106.80357799352976,1.8888888888888888,18.366666666666667,20.355555555555554,,,
2026-10-02T15:13+03:00,medium,gfs_seamless,Mount Athos (N approach),2026-10-08,4.455555555555555,8.866666666666667,10.1,181.73265028042272,0.0,19.033333333333335,21.655555555555555,,,
2026-10-02T15:13+03:00,medium,icon_seamless,Mount Athos (N approach),2026-10-08,3.8666666666666663,7.066666666666666,13.0,125.8740987433354,0.0,18.755555555555556,21.633333333333333,,,
2026-10-02T15:13+03:00,medium,ecmwf_ifs,Mount Athos (N approach),2026-10-09,3.9555555555555557,7.022222222222222,15.6,161.26836223486757,0.9777777777777779,18.555555555555557,20.588888888888892,,,
2026-10-02T15:13+03:00,medium,gfs_seamless,Mount Athos (N approach),2026-10-09,4.311111111111111,7.7444444444444445,9.7,156.50879611818954,0.7555555555555553,17.98888888888889,21.311111111111114,,,
2026-10-02T15:13+03:00,sea,openmeteo_marine_best_match,Keramoti / Thassos (E of Thassos open water),2026-10-03,,,,,,,,1.56,4.4,54.450620611400254
2026-10-02T15:13+03:00,sea,openmeteo_marine_best_match,Keramoti / Thassos (E of Thassos open water),2026-10-04,,,,,,,,1.34,4.405555555555555,81.14141364622597
2026-10-02T15:13+03:00,sea,openmeteo_marine_best_match,Keramoti / Thassos (E of Thassos open water),2026-10-05,,,,,,,,0.8,3.6666666666666665,101.18160787073255
2026-10-02T15:13+03:00,sea,openmeteo_marine_best_match,Keramoti / Thassos (E of Thassos open water),2026-10-06,,,,,,,,0.66,3.3222222222222224,99.18183081040881
2026-10-02T15:13+03:00,sea,openmeteo_marine_best_match,Keramoti / Thassos (E of Thassos open water),2026-10-07,,,,,,,,0.78,3.4777777777777774,84.01364015152141
2026-10-02T15:13+03:00,sea,openmeteo_marine_best_match,Keramoti / Thassos (E of Thassos open water),2026-10-08,,,,,,,,0.58,3.283333333333333,94.8092302240895
2026-10-02T15:13+03:00,sea,openmeteo_marine_best_match,Keramoti / Thassos (E of Thassos open water),2026-10-09,,,,,,,,0.14,3.1,155.66626342724547
2026-10-02T15:13+03:00,sea,openmeteo_marine_best_match,Samothrace (S of Samothrace open water),2026-10-03,,,,,,,,1.8,4.883333333333334,35.89268310525897
2026-10-02T15:13+03:00,sea,openmeteo_marine_best_match,Samothrace (S of Samothrace open water),2026-10-04,,,,,,,,1.52,4.638888888888889,44.1194697447552
2026-10-02T15:13+03:00,sea,openmeteo_marine_best_match,Samothrace (S of Samothrace open water),2026-10-05,,,,,,,,0.86,3.55,46.674866833435445
2026-10-02T15:13+03:00,sea,openmeteo_marine_best_match,Samothrace (S of Samothrace open water),2026-10-06,,,,,,,,0.72,3.288888888888889,47.453135562027384
2026-10-02T15:13+03:00,sea,openmeteo_marine_best_match,Samothrace (S of Samothrace open water),2026-10-07,,,,,,,,0.84,3.6500000000000004,48.90308764100538
2026-10-02T15:13+03:00,sea,openmeteo_marine_best_match,Samothrace (S of Samothrace open water),2026-10-08,,,,,,,,0.58,3.183333333333333,59.23891447707315
2026-10-02T15:13+03:00,sea,openmeteo_marine_best_match,Samothrace (S of Samothrace open water),2026-10-09,,,,,,,,0.34,3.272222222222222,162.5467248639538
2026-10-02T15:13+03:00,sea,openmeteo_marine_best_match,West from Lemnos (open water),2026-10-03,,,,,,,,2.36,5.4,38.43705666298715
2026-10-02T15:13+03:00,sea,openmeteo_marine_best_match,West from Lemnos (open water),2026-10-04,,,,,,,,1.92,5.094444444444445,46.21071046933409
2026-10-02T15:13+03:00,sea,openmeteo_marine_best_match,West from Lemnos (open water),2026-10-05,,,,,,,,0.9,3.744444444444444,52.18962613843345
2026-10-02T15:13+03:00,sea,openmeteo_marine_best_match,West from Lemnos (open water),2026-10-06,,,,,,,,0.7,3.3666666666666667,48.94583510700191
2026-10-02T15:13+03:00,sea,openmeteo_marine_best_match,West from Lemnos (open water),2026-10-07,,,,,,,,0.92,3.888888888888889,51.89562531023197
2026-10-02T15:13+03:00,sea,openmeteo_marine_best_match,West from Lemnos (open water),2026-10-08,,,,,,,,0.46,3.266666666666667,61.24455607787612
2026-10-02T15:13+03:00,sea,openmeteo_marine_best_match,West from Lemnos (open water),2026-10-09,,,,,,,,0.26,3.25,150.00397664542206
2026-10-02T15:13+03:00,sea,openmeteo_marine_best_match,Thracian Sea (open water),2026-10-03,,,,,,,,1.94,4.783333333333334,41.33095676686888
2026-10-02T15:13+03:00,sea,openmeteo_marine_best_match,Thracian Sea (open water),2026-10-04,,,,,,,,1.64,4.627777777777778,56.981689681795324
2026-10-02T15:13+03:00,sea,openmeteo_marine_best_match,Thracian Sea (open water),2026-10-05,,,,,,,,0.82,3.538888888888889,68.78907416450278
2026-10-02T15:13+03:00,sea,openmeteo_marine_best_match,Thracian Sea (open water),2026-10-06,,,,,,,,0.66,3.283333333333333,66.24862219982055
2026-10-02T15:13+03:00,sea,openmeteo_marine_best_match,Thracian Sea (open water),2026-10-07,,,,,,,,0.86,3.5833333333333335,60.87555570680618
2026-10-02T15:13+03:00,sea,openmeteo_marine_best_match,Thracian Sea (open water),2026-10-08,,,,,,,,0.58,3.211111111111111,74.8715988005142
2026-10-02T15:13+03:00,sea,openmeteo_marine_best_match,Thracian Sea (open water),2026-10-09,,,,,,,,0.16,3.1555555555555554,159.22230009785835
2026-10-02T15:13+03:00,sea,openmeteo_marine_best_match,Dardaneles (E of Lemnos open water),2026-10-03,,,,,,,,2.34,5.23888888888889,25.9993561982711
2026-10-02T15:13+03:00,sea,openmeteo_marine_best_match,Dardaneles (E of Lemnos open water),2026-10-04,,,,,,,,1.98,4.911111111111111,31.220880390534308
2026-10-02T15:13+03:00,sea,openmeteo_marine_best_match,Dardaneles (E of Lemnos open water),2026-10-05,,,,,,,,1.2,3.9000000000000004,30.554629833318238
2026-10-02T15:13+03:00,sea,openmeteo_marine_best_match,Dardaneles (E of Lemnos open water),2026-10-06,,,,,,,,0.9,3.5666666666666678,30.110289571541735
2026-10-02T15:13+03:00,sea,openmeteo_marine_best_match,Dardaneles (E of Lemnos open water),2026-10-07,,,,,,,,1.04,3.861111111111111,34.44515880645438
2026-10-02T15:13+03:00,sea,openmeteo_marine_best_match,Dardaneles (E of Lemnos open water),2026-10-08,,,,,,,,0.62,3.155555555555556,39.334744235951725
2026-10-02T15:13+03:00,sea,openmeteo_marine_best_match,Dardaneles (E of Lemnos open water),2026-10-09,,,,,,,,0.52,3.266666666666667,185.2235861649781
2026-10-02T15:13+03:00,sea,openmeteo_marine_best_match,Agios Efstratios (S of Lemnos open water),2026-10-03,,,,,,,,2.54,5.644444444444444,31.444871995426112
2026-10-02T15:13+03:00,sea,openmeteo_marine_best_match,Agios Efstratios (S of Lemnos open water),2026-10-04,,,,,,,,2.16,5.2333333333333325,36.4448193212361
2026-10-02T15:13+03:00,sea,openmeteo_marine_best_match,Agios Efstratios (S of Lemnos open water),2026-10-05,,,,,,,,1.28,4.088888888888889,39.11284266556394
2026-10-02T15:13+03:00,sea,openmeteo_marine_best_match,Agios Efstratios (S of Lemnos open water),2026-10-06,,,,,,,,0.94,3.644444444444444,34.0027787031218
2026-10-02T15:13+03:00,sea,openmeteo_marine_best_match,Agios Efstratios (S of Lemnos open water),2026-10-07,,,,,,,,1.06,3.994444444444444,39.11220646792451
2026-10-02T15:13+03:00,sea,openmeteo_marine_best_match,Agios Efstratios (S of Lemnos open water),2026-10-08,,,,,,,,0.54,3.122222222222222,43.66471410378701
2026-10-02T15:13+03:00,sea,openmeteo_marine_best_match,Agios Efstratios (S of Lemnos open water),2026-10-09,,,,,,,,0.4,3.2722222222222226,161.77705658125524
2026-10-02T15:13+03:00,sea,openmeteo_marine_best_match,Mount Athos (N approach),2026-10-03,,,,,,,,1.38,4.633333333333334,71.59368590972487
2026-10-02T15:13+03:00,sea,openmeteo_marine_best_match,Mount Athos (N approach),2026-10-04,,,,,,,,1.24,4.616666666666666,88.53453946973555
2026-10-02T15:13+03:00,sea,openmeteo_marine_best_match,Mount Athos (N approach),2026-10-05,,,,,,,,0.64,3.9000000000000004,99.56645677299484
2026-10-02T15:13+03:00,sea,openmeteo_marine_best_match,Mount Athos (N approach),2026-10-06,,,,,,,,0.42,3.561111111111112,100.9891836823766
2026-10-02T15:13+03:00,sea,openmeteo_marine_best_match,Mount Athos (N approach),2026-10-07,,,,,,,,0.58,3.9166666666666665,89.33352344561023
2026-10-02T15:13+03:00,sea,openmeteo_marine_best_match,Mount Athos (N approach),2026-10-08,,,,,,,,0.42,3.683333333333333,93.31472461391141
2026-10-02T15:13+03:00,sea,openmeteo_marine_best_match,Mount Athos (N approach),2026-10-09,,,,,,,,0.14,3.061111111111111,128.22659730469343
2026-10-02T15:13+03:00,poseidon,HCMR_METEO_WW3,Keramoti / Thassos (E of Thassos open water),2026-10-03,20.47761,22.21992,,16.128479272011386,0.0,17.4,21.6,1.1,,36.00814332965892
2026-10-02T15:13+03:00,poseidon,HCMR_METEO_WW3,Keramoti / Thassos (E of Thassos open water),2026-10-04,14.01138,17.41824,,16.99275908325483,0.0,18.0,22.4,1.0,,54.94079817830857
2026-10-02T15:13+03:00,poseidon,HCMR_METEO_WW3,Keramoti / Thassos (E of Thassos open water),2026-10-05,6.2596799999999995,10.18656,,19.15076676113284,0.0,18.7,21.2,0.5,,96.91833481145346
2026-10-02T15:13+03:00,poseidon,HCMR_METEO_WW3,Keramoti / Thassos (E of Thassos open water),2026-10-06,5.10948,6.14304,,19.26502610607343,0.0,19.4,20.7,0.2,,106.66675511149833
2026-10-02T15:13+03:00,poseidon,HCMR_METEO_WW3,Samothrace (S of Samothrace open water),2026-10-03,17.653950000000002,19.71216,,28.730828518305778,0.0,17.9,21.1,1.6,,44.12232574323042
2026-10-02T15:13+03:00,poseidon,HCMR_METEO_WW3,Samothrace (S of Samothrace open water),2026-10-04,14.784120000000001,18.48744,,28.663417312459273,0.0,18.2,21.8,1.5,,54.00756096339277
2026-10-02T15:13+03:00,poseidon,HCMR_METEO_WW3,Samothrace (S of Samothrace open water),2026-10-05,9.30204,13.977360000000001,,20.576810042108786,0.0,18.1,20.5,0.9,,60.25498218818979
2026-10-02T15:13+03:00,poseidon,HCMR_METEO_WW3,Samothrace (S of Samothrace open water),2026-10-06,6.561,7.970399999999999,,31.840729890480922,0.0,19.3,21.0,0.4,,44.04122859348849
2026-10-02T15:13+03:00,poseidon,HCMR_METEO_WW3,West from Lemnos (open water),2026-10-03,25.91838,28.49904,,24.619272213699595,0.0,18.2,21.2,2.3,,32.62421204048777
2026-10-02T15:13+03:00,poseidon,HCMR_METEO_WW3,West from Lemnos (open water),2026-10-04,20.3391,24.06672,,21.764626307958775,0.0,18.9,22.1,1.9,,34.99874145064808
2026-10-02T15:13+03:00,poseidon,HCMR_METEO_WW3,West from Lemnos (open water),2026-10-05,11.42829,15.785279999999998,,11.258833326109341,0.0,19.4,21.5,0.9,,47.3291763092296
2026-10-02T15:13+03:00,poseidon,HCMR_METEO_WW3,West from Lemnos (open water),2026-10-06,7.1442000000000005,9.21456,,12.742516528193327,0.0,20.2,21.3,0.2,,59.53752430142988
2026-10-02T15:13+03:00,poseidon,HCMR_METEO_WW3,Thracian Sea (open water),2026-10-03,24.538139999999995,26.69112,,25.620544135075463,0.0,17.7,21.4,1.7,,30.745534592618277
2026-10-02T15:13+03:00,poseidon,HCMR_METEO_WW3,Thracian Sea (open water),2026-10-04,19.233449999999994,22.56984,,26.245201667563638,0.0,18.4,22.1,1.5,,36.99556780007589
2026-10-02T15:13+03:00,poseidon,HCMR_METEO_WW3,Thracian Sea (open water),2026-10-05,10.244879999999998,15.41592,,11.210547899739906,0.0,18.7,21.0,0.8,,62.19130618509038
2026-10-02T15:13+03:00,poseidon,HCMR_METEO_WW3,Thracian Sea (open water),2026-10-06,7.08912,9.408959999999999,,25.551424996515234,0.0,19.5,21.1,0.3,,73.04587902664603
2026-10-02T15:13+03:00,poseidon,HCMR_METEO_WW3,Dardaneles (E of Lemnos open water),2026-10-03,27.59508,29.10168,,24.74386331337523,0.0,17.5,20.5,2.1,,30.24783101633445
2026-10-02T15:13+03:00,poseidon,HCMR_METEO_WW3,Dardaneles (E of Lemnos open water),2026-10-04,23.259960000000003,26.01072,,27.373309924806904,0.0,17.7,21.6,1.8,,32.250347749554976
2026-10-02T15:13+03:00,poseidon,HCMR_METEO_WW3,Dardaneles (E of Lemnos open water),2026-10-05,16.47297,18.701279999999997,,14.412841266555777,0.0,17.7,20.9,1.1,,23.84243130362006
2026-10-02T15:13+03:00,poseidon,HCMR_METEO_WW3,Dardaneles (E of Lemnos open water),2026-10-06,12.030119999999998,13.35528,,19.698315993757824,0.0,18.9,20.8,0.5,,28.88091171905827
2026-10-02T15:13+03:00,poseidon,HCMR_METEO_WW3,Agios Efstratios (S of Lemnos open water),2026-10-03,21.235769999999995,22.43376,,24.49000448985568,0.0,18.1,20.7,1.7,,39.60477320488778
2026-10-02T15:13+03:00,poseidon,HCMR_METEO_WW3,Agios Efstratios (S of Lemnos open water),2026-10-04,17.333190000000002,20.9952,,22.03245366814584,0.0,18.4,21.3,1.6,,40.073251874798075
2026-10-02T15:13+03:00,poseidon,HCMR_METEO_WW3,Agios Efstratios (S of Lemnos open water),2026-10-05,11.177999999999999,13.14144,,8.77489806481169,0.0,18.3,20.4,0.8,,39.282629277424846
2026-10-02T15:13+03:00,poseidon,HCMR_METEO_WW3,Agios Efstratios (S of Lemnos open water),2026-10-06,6.577199999999999,7.60104,,5.391061882090558,0.0,19.8,21.0,0.3,,47.76236658060294
2026-10-02T15:13+03:00,poseidon,HCMR_METEO_WW3,Mount Athos (N approach),2026-10-03,14.39775,18.13752,,28.49234495649768,0.0,17.9,21.8,1.1,,50.856770133004325
2026-10-02T15:13+03:00,poseidon,HCMR_METEO_WW3,Mount Athos (N approach),2026-10-04,8.757719999999999,13.53024,,4.163386853268814,0.0,18.7,21.4,0.9,,75.03903422800755
2026-10-02T15:13+03:00,poseidon,HCMR_METEO_WW3,Mount Athos (N approach),2026-10-05,3.7008900000000002,5.20992,,58.05181102779567,0.0,19.7,21.3,0.4,,99.62502677389043
2026-10-02T15:13+03:00,poseidon,HCMR_METEO_WW3,Mount Athos (N approach),2026-10-06,2.21292,3.51864,,337.6347163686143,0.0,20.2,21.3,0.1,,102.49966993464749
